model,r2,mae,rmse
LinearRegression,0.9999528511984288,1.3492050623875187,1.7987276906238838
Ridge,0.999471021613646,2.599277800163313,6.024889069288175
RandomForest,0.9989354638285104,4.004250534037224,8.546933062950146
ExtraTrees,0.997840523433119,3.529150972152024,12.173188279913024
