model,r2,mae,rmse
LinearRegression,0.12635868982466691,197.7222983583648,244.84806267105193
Ridge,0.12370698209763453,197.98402199644025,245.21936698662648
RandomForest,-0.01413989269164384,181.2237491886963,263.80257150292886
ExtraTrees,-0.7457285194458667,229.92674192985376,346.11342484551966
